<?xml version="1.0" encoding="UTF-8"?>
<modification>
  <name>Marketplace 2</name>
  <version>2.0.0</version>
  <code>Webkul Marketplace 2</code>
  <author>Webkul</author>
  <link>http://webkul.com</link>

  <file path="catalog/controller/product/product.php">
      <operation>
              <search><![CDATA[
              $data['tags'] = array();
              ]]></search>
              <add position="before"><![CDATA[
                if($this->config->get('module_marketplace_status')) {

                                $this->load->model('account/customerpartner');

                                $this->load->language('customerpartner/profile');

                                if ($this->config->get('wk_custom_shipping_status') && isset($this->session->data['shipping_address']['postcode']) && isset($this->request->get['product_id']) && $this->request->get['product_id']) {

                                    $check_seller = $this->model_account_customerpartner->getProductSellerDetails($this->request->get['product_id']);

                                    $seller_id = 0;

                                    if (isset($check_seller['customer_id']) && $check_seller['customer_id']) {
                                        $seller_id = $check_seller['customer_id'];
                                    }

                                    $data['text_seller_information'] = $this->language->get('text_seller_information');

                                    $this->load->model('customerpartner/information');

                                    $data['informations'] = array();

                                    $informations = $this->model_customerpartner_information->getSellerInformations($seller_id);

                                    if ($informations) {
                                      $count = 0;

                                      foreach ($informations as $result) {
                                        $data['informations'][] = array(
                                          'title' => $result['title'],
                                          'href'  => $this->url->link('information/information', 'information_id=' . $result['information_id'])
                                        );

                                        $count++;

                                        if ($count == 3) {
                                          break;
                                        }
                                      }
                                    }

                                    $weight = 0;

                                    if (isset($product_info['weight']) && $product_info['weight']) {
                                        $weight = $product_info['weight'];
                                    }

                                    $max_days = $this->model_account_customerpartner->getMinDays($seller_id,$this->session->data['shipping_address']['postcode'],$weight);

                                    if (isset($max_days['max_days']) && $max_days['max_days']) {
                                        $date = new DateTime(date('Y-m-d', strtotime("+".$max_days['max_days']." days")));

                                        $data['delivery_date'] = $date->format('Y-m-d');

                                        $data['text_delivery_date'] = $this->language->get('text_delivery_date');
                                    }
                                }
                                    $data['showSellerInfo'] = false;
                                    $data['wk_custome_field_wkcustomfields'] = true;
                                    $customFields = array();
                                    $data['customFields'] = array();

                                    $customFields = $this->model_catalog_product->getProductCustomFields($this->request->get['product_id']);

                                    foreach ($customFields as $key => $value) {
                                        $customFieldsName = $this->model_catalog_product->getCustomFieldName($value['fieldId']);

                                        $customFieldsOptionId = $this->model_catalog_product->getCustomFieldOptionId($this->request->get['product_id'],$value['fieldId']);

                                        $customFieldValue = '';
                                        $result = $this->db->query("SELECT * FROM ".DB_PREFIX."wk_custom_field_product_options WHERE fieldId = '".(int)$value['fieldId']."' ")->row;

																				if(isset($result['option_id']) && $result['option_id']) {
																					$customFieldValue =$result['option_id'];
																				}
                                        foreach ($customFieldsOptionId as $key => $option) {
                                                if(is_numeric($option['option_id'])){
                                                    $customFieldValue .= $this->model_catalog_product->getCustomFieldOption($option['option_id']).", ";
                                                }else{
                                                    $customFieldValue = $option['option_id'];
                                                }
                                        }
                                        $data['customFields'][] = array(
                                            'fieldName' =>  $customFieldsName,
                                            'fieldValue'    =>  trim($customFieldValue,', '),
                                        );
                                    }

                                    $checkSellerOwnProduct = $this->model_account_customerpartner->checkSellerOwnProduct($this->request->get['product_id']);

                                    $this->load->language('extension/module/marketplace');
                                    if ($checkSellerOwnProduct && !$this->config->get('marketplace_sellerbuyproduct')) {
                                        $data['allowedProductBuy'] = false;
                                        $data['error_own_product'] = $this->language->get('error_own_product');
                                    }else{
                                        $data['allowedProductBuy'] = true;
                                        $data['error_own_product'] = false;
                                    }

                                    /**
                                     * add seller information on the product page through code end
                                     */

                                    if (!$this->config->get('marketplace_seller_info_by_module') && !$this->config->get('marketplace_seller_info_hide')) {

                                        $check_seller = $this->model_account_customerpartner->getProductSellerDetails($this->request->get['product_id']);

                                        $this->load->model('customerpartner/master');

                                        if ($check_seller) {

                                            $this->load->model('customerpartner/master');

                                            $partner = $this->model_customerpartner_master->getProfile($check_seller['customer_id']);

                                            switch ($this->config->get('marketplace_product_name_display')) {
                                                case 'sn':
                                                    $data['info_name'] = $partner['firstname']. ' ' .$partner['lastname'];
                                                    break;

                                                case 'cn':
                                                    $data['info_name'] = $partner['companyname'];
                                                    break;

                                                case 'sncn':
                                                    $data['info_name'] = $partner['firstname']. ' ' .$partner['lastname'].' '.'And'.' '.$partner['companyname'];
                                                    break;
                                            }

                                            switch ($this->config->get('marketplace_product_image_display')) {
                                                case 'avatar':
                                                    if ($partner['avatar'] && file_exists(DIR_IMAGE . $partner['avatar'])) {
                                                        $data['info_image'] = $this->model_tool_image->resize($partner['avatar'], 80, 80);
                                                    } else if($this->config->get('marketplace_default_image_name') && file_exists(DIR_IMAGE . $this->config->get('marketplace_default_image_name'))) {
                                                        if($partner['avatar'] != 'removed') {
                                                            $data['info_image'] = $this->model_tool_image->resize($this->config->get('marketplace_default_image_name'), 80, 80);
                                                        } else {
                                                            $data['info_image'] = '';
                                                        }
                                                    }else{
                                                        $data['info_image'] = $this->model_tool_image->resize($this->config->get('config_logo'), 80, 80);
                                                    }
                                                    break;

                                                case 'companylogo':
                                                    if ($partner['companylogo'] && file_exists(DIR_IMAGE . $partner['companylogo'])) {
                                                        $data['info_image'] = $this->model_tool_image->resize($partner['companylogo'], 80, 80);
                                                    } else if($this->config->get('marketplace_default_image_name') && file_exists(DIR_IMAGE . $this->config->get('marketplace_default_image_name'))) {
                                                        if($partner['companylogo'] != 'removed') {
                                                            $data['info_image'] = $this->model_tool_image->resize($this->config->get('marketplace_default_image_name'), 80, 80);
                                                        } else {
                                                            $data['info_image'] = '';
                                                        }
                                                    }else{
                                                        $data['info_image'] = $this->model_tool_image->resize($this->config->get('config_logo'), 80, 80);
                                                    }
                                                    break;

                                                case 'companybanner':
                                                    if ($partner['companybanner'] && file_exists(DIR_IMAGE . $partner['companybanner'])) {
                                                        $data['info_image'] = $this->model_tool_image->resize($partner['companybanner'], 80, 80);
                                                    } else if($this->config->get('marketplace_default_image_name') && file_exists(DIR_IMAGE . $this->config->get('marketplace_default_image_name'))) {
                                                        if($partner['companybanner'] != 'removed') {
                                                            $data['info_image'] = $this->model_tool_image->resize($this->config->get('marketplace_default_image_name'), 80, 80);
                                                        } else {
                                                            $data['info_image'] = '';
                                                        }
                                                    }else{
                                                        $data['info_image'] = $this->model_tool_image->resize($this->config->get('config_logo'), 80, 80);
                                                    }
                                                    break;
                                            }

                                            $data['review_fields'] = $this->model_customerpartner_master->getAllReviewFields();

																						foreach ($data['review_fields'] as $key => $review_field) {
																							$data['review_fields'][$key]['field_value'] = $this->model_customerpartner_master->getAllAverageFeedback($check_seller['customer_id'],$review_field['field_id']);
																						}

                                            $data['info_feedback_total'] = round($this->model_customerpartner_master->getAverageFeedback($check_seller['customer_id']));

                                            $data['info_total_products'] = $this->model_customerpartner_master->getPartnerCollectionCount($check_seller['customer_id']);

                                            $data['info_heading_text'] = $this->language->get('text_seller_info_heading');
                                            $data['info_price_text']   = $this->language->get('text_seller_info_price');
                                            $data['info_value_text']   = $this->language->get('text_seller_info_value');
                                            $data['info_quality_text'] = $this->language->get('text_seller_info_quality');
                                            $data['info_product_text'] = $this->language->get('text_seller_info_product');
                                            $data['showSellerRating']  = $this->config->get('text_seller_info_product');
                                            $data['loadProfile'] = $this->url->link('customerpartner/profile&id='.$check_seller['customer_id'],'',true);

                                            $data['showSellerInfo'] = true;
                                        }
                                    }
                            }else{
                                $data['wk_custome_field_wkcustomfields'] = false;
                                $data['allowedProductBuy'] = true;
                                $data['showSellerInfo'] = false;
                            }
              ]]></add>
      </operation>
  </file>
  <file path="catalog/model/catalog/product.php">
  <operation>
      <search><![CDATA[
          'price'            => ($query->row['discount'] ? $query->row['discount'] : $query->row['price']),
      ]]></search>
      <add position="replace"><![CDATA[
          'price'            => ($query->row['discount'] ? $query->row['discount'] : $query->row['price'])+$commission_amount,
      ]]></add>
  </operation>

  <operation>
      <search><![CDATA[
          'viewed'           => $query->row['viewed']
      ]]></search>
      <add position="before"><![CDATA[
          'commission_amount' => $commission_amount,
      ]]></add>
  </operation>
  <operation>
          <search><![CDATA[
          class ModelCatalogProduct extends Model {
          ]]></search>
          <add position="after"><![CDATA[
              public function  getCustomFieldOptionId($pro_id,$id){
                  $result = $this->db->query("SELECT option_id FROM ".DB_PREFIX."wk_custom_field_product_options WHERE fieldId = '".(int)$id."' AND product_id = '".(int)$pro_id."' ")->rows;
                  return $result;
              }

              public function getProductCustomFields($id){
                  $result = $this->db->query("SELECT fieldId FROM ".DB_PREFIX."wk_custom_field_product WHERE productId = '".(int)$id."' ")->rows;
                  return $result;
              }

              public function getCustomFieldName($id){
                  $result = $this->db->query("SELECT fieldName FROM ".DB_PREFIX."wk_custom_field_description WHERE fieldId = '".(int)$id."' AND language_id = '".(int)$this->config->get('config_language_id')."' ")->row;
                  if (isset($result['fieldName'])) {
return $result['fieldName'];
}
              }

              public function getCustomFieldOption($id){
                  $result = $this->db->query("SELECT optionValue FROM ".DB_PREFIX."wk_custom_field_option_description WHERE optionId = '".(int)$id."' AND language_id = '".(int)$this->config->get('config_language_id')."' ")->row;
                  if (isset($result['optionValue'])) {
return $result['optionValue'];
}
              }
                ]]></add>
  </operation>
                <operation>
                    <search><![CDATA[
                        public function getProduct($product_id) {
                    ]]></search>
                    <add position="after"><![CDATA[
                      $product_status = 1;

$commission_amount = 0;

                        if (($this->config->get('module_marketplace_status') && isset($this->request->get['user_token']) && isset($this->session->data['user_token']) && isset($this->session->data['user_id']) && $this->request->get['user_token'] == $this->session->data['user_token']) || ($this->config->get('module_marketplace_status') && isset($this->request->get['product_token']) && isset($this->session->data['product_token']) && $this->request->get['product_token'] == $this->session->data['product_token'])){
                            $product_status_array = $this->db->query("SELECT status FROM ".DB_PREFIX."product WHERE product_id = " . (int)$product_id)->row;
if (isset($product_status_array['status'])) {
  $product_status = $product_status_array['status'];
}
                            if (!$product_status) {
                                $this->db->query("UPDATE ".DB_PREFIX."product SET status = '1' WHERE product_id = ".$product_id);
                            }
                        }
                    ]]></add>
                </operation>

                <operation>
                        <search><![CDATA[
                        ->get('config_language_id') . "' AND p.status = '1' AND p.date_available <= NOW() AND p2s.store_id = '" . (int)$this->config->get('config_store_id') . "'");
                        ]]></search>
                        <add position="after"><![CDATA[
                                 /**
                                  * Marketplace Code Starts Here
                                  */
                                 if ($this->config->get('module_marketplace_status') && $query->num_rows) {
                                    $check_seller_product = $this->db->query("SELECT * FROM ".DB_PREFIX."customerpartner_to_product WHERE product_id = '" . (int)$product_id."'")->row;

                                   if ($check_seller_product) {

  $this->load->model('account/customerpartnerorder');

  if ($this->config->get('marketplace_commission_tax')) {

    $commission_array = $this->model_account_customerpartnerorder->calculateCommission(array('product_id'=> $product_id, 'product_total'=> $this->tax->calculate($query->row['price'], $query->row['tax_class_id'], $this->config->get('config_tax'))),$check_seller_product['customer_id']);
  }else{
    $commission_array = $this->model_account_customerpartnerorder->calculateCommission(array('product_id'=>$product_id, 'product_total'=>$query->row['price']),$check_seller_product['customer_id']);

  }

  if($commission_array && isset($commission_array['commission']) && $this->config->get('marketplace_commission_unit_price')){
        $commission_amount = $commission_array['commission'];
  }

                                        $check_seller_status = $this->db->query("SELECT * FROM ".DB_PREFIX."customerpartner_to_customer WHERE customer_id = '" . (int)$check_seller_product['customer_id']."' AND is_partner = '1'")->row;

                                       if ($this->config->get('module_marketplace_status') && !$this->config->get('marketplace_sellerproductshow') && !$check_seller_status) {

                                             return false;
                                        }
                                    }

                                }

                                if (!$product_status) {
                                    $this->db->query("UPDATE ".DB_PREFIX."product SET status = '0' WHERE product_id = ".$product_id);
                                }
                             /**
                              * Marketplace Code Ends Here
                              */
                              ]]></add>
                </operation>
                <operation>
                        <search><![CDATA[
                       $product_data[$result['product_id']] = $this->getProduct($result['product_id']);
                        ]]></search>
                        <add position="after"><![CDATA[
                          /**
                          * Marketplace Code Starts Here
                          */
                            if ($this->config->get('module_marketplace_status') && !$product_data[$result['product_id']]) {

                                unset($product_data[$result['product_id']]);
                            }
                          /**
                          * Marketplace Code Ends Here
                          */
                              ]]></add>
                </operation>
                <operation>
                    <search><![CDATA[
                        $product_option_value_data[] = array(
                    ]]></search>
                    <add position="before"><![CDATA[
                        /**
                        * Marketplace Code Starts Here
                        */
                        if ($this->config->get('module_marketplace_status')) {
                        $check_seller_product = $this->db->query("SELECT * FROM ".DB_PREFIX."customerpartner_to_product WHERE product_id = '" . (int)$product_id."'")->row;

                        if ($check_seller_product) {

                            $this->load->model('account/customerpartnerorder');

                            if ($this->config->get('marketplace_commission_tax')) {

                            $tax_class_id = $this->db->query("SELECT tax_class_id FROM ".DB_PREFIX."product WHERE product_id = '" . (int)$product_id."'")->row;

                            $commission_array = $this->model_account_customerpartnerorder->calculateCommission(array('product_id'=> $product_id, 'product_total'=> $this->tax->calculate($product_option_value['price'], $tax_class_id['tax_class_id'], $this->config->get('config_tax'))),$check_seller_product['customer_id']);
                            }else{
                            $commission_array = $this->model_account_customerpartnerorder->calculateCommission(array('product_id'=>$product_id, 'product_total'=>$product_option_value['price']),$check_seller_product['customer_id']);

                            }

                            if($commission_array && isset($commission_array['commission']) && $this->config->get('marketplace_commission_unit_price')){
                            $product_option_value['price'] = $product_option_value['price'] + $commission_array['commission'];
                            }
                        }
                        }

                        /**
                        * Marketplace Code End Here
                        */
                    ]]></add>
                </operation>
        </file>
        <file path="catalog/view/theme/*/template/product/product.twig">

                <operation>
                    <search><![CDATA[
                        {% if price %}
                    ]]></search>
                    <add position="before"><![CDATA[
                        {% if delivery_date is defined and delivery_date %}
                            <ul class="list-unstyled">
                              <li>{{ text_delivery_date  ~ ' : ' ~ delivery_date }}</li>
                            </ul>
                        {% endif %}
                    ]]></add>
                </operation>

                <operation>
                        <search><![CDATA[
                        {{ text_stock }}
                        ]]></search>
                        <add position="after"><![CDATA[
                            {% if wk_custome_field_wkcustomfields %}
                                     {% if customFields is not empty %}
                                      {% for key, value in customFields %}
                                            <div><span>{{ value['fieldName'] }}</span>{{ value['fieldValue'] }}</div>
                                      {% endfor %}
                                    {% endif %}
                            {% endif %}
                              ]]></add>
                </operation>
                <operation>
                        <search><![CDATA[
                        {#==== End Column Outside ==== #}
                        ]]></search>
                        <add position="after"><![CDATA[
                            {% if not allowedProductBuy %}
                                <div class="alert alert-danger">
                                  <i class="fa fa-exclamation-circle"></i>
                                    {{ error_own_product }}
                                </div>
                              {% endif %}
                              ]]></add>
                </operation>
                <operation>
                        <search><![CDATA[
                        {% if products and soconfig.get_settings('related_status') %}
                        ]]></search>
                        <add position="before" offset="2"><![CDATA[
                          {{ sellerprofile }}
                              ]]></add>
                </operation>
        </file>
        <file path="catalog/controller/common/cart.php">
                <operation>
                        <search><![CDATA[
                        foreach ($this->cart->getProducts() as $product) {
                        ]]></search>
                        <add position="before"><![CDATA[
                             /**
                             * Marketplace Code Starts Here
                             */
                              $this->load->model('account/customerpartner');
                              $data['text_bySeller'] = $this->language->get('text_bySeller');
                              $data['marketplace_seller_name_cart_status'] = $this->config->get('marketplace_seller_name_cart_status');
                              $data['marketplace_seller_info_hide'] = $this->config->get('marketplace_seller_info_hide');
                              $data['module_marketplace_status'] = $this->config->get('module_marketplace_status');
                            /**
                             * Marketplace Code Ends Here
                             */
                              ]]></add>
                </operation>
                <operation>
                        <search><![CDATA[
                        'total'     => $total,
                        ]]></search>
                        <add position="after"><![CDATA[
                             'seller_name'     => $checkSellerProduct ? $checkSellerProduct['firstname'].' '.$checkSellerProduct['lastname']: '',
                             'seller_href'      =>$checkSellerProduct ? $this->url->link('customerpartner/profile', 'id=' . $checkSellerProduct['customer_id']): '',
                              ]]></add>
                </operation>
                  <operation>
                        <search><![CDATA[
                        $data['products'][] = array(
                        ]]></search>
                        <add position="before"><![CDATA[
                            /**
                             * Marketplace Code Starts Here
                             */
                            if ($this->config->get('module_marketplace_status')) {
                                $checkSellerProduct = $this->model_account_customerpartner->getProductSellerDetails($product['product_id']);
                            }else{
                                 $checkSellerProduct = '';
                            }
                            /**
                             * Marketplace Code Ends Here
                             */
                              ]]></add>
                </operation>

                <operation>
                  <search><![CDATA[
                    $unit_price = $this->tax->calculate($product['price'], $product['tax_class_id'], $this->config->get('config_tax'));
                  ]]></search>
                  <add position="before"><![CDATA[
                    if(isset($product['commission_amount']) && $product['commission_amount']){
                      $product['price'] += $product['commission_amount'];
                    }
                  ]]></add>
                </operation>
        </file>
        <file path="catalog/language/*/checkout/cart.php">
            <operation>
                <search><![CDATA[
                    $_['error_stock']
                ]]></search>
                <add position="before"><![CDATA[
                    $_['error_min_cart_value']     = 'You can not proceed to checkout, minimum cart total should be %s!';
$_['error_product_quantity_restriction']     = 'Your product quantity limit(%s) already exceeded for product %s!';
                ]]></add>
            </operation>
        </file>

        <file path="catalog/language/*/common/cart.php">

            <operation>
                <search><![CDATA[
                    $_['text_recurring'] = 'Payment Profile';
                ]]></search>
                <add position="after"><![CDATA[
                    $_['text_bySeller']  = 'By Seller';
                ]]></add>
            </operation>
        </file>
        <file path="catalog/view/theme/*/template/common/cart.twig">
                <operation>
                        <search><![CDATA[
                        <td class="text-left"><a href="{{ product.href }}">{{ product.name }}</a>
                        ]]></search>
                        <add position="replace"><![CDATA[
                            {% if module_marketplace_status is defined and module_marketplace_status and marketplace_seller_name_cart_status and product['seller_name'] is defined and product['seller_name'] and not marketplace_seller_info_hide %}
                              <td class="text-left"><a href="{{ product.href }}">{{ product.name }}</a> {{ text_bySeller }} <a href="{{ product.seller_href }}" target="_blank">{{ product['seller_name'] }}</a>
                            {% else %}
                              <td class="text-left"><a href="{{ product.href }}">{{ product.name }}</a>
                            {% endif %}
                              ]]></add>
                </operation>
        </file>
        <file path="catalog/controller/checkout/checkout.php">

          <operation>
              <search><![CDATA[
                  // Validate minimum quantity requirements.
              ]]></search>
              <add position="before"><![CDATA[
                $this->load->model('account/customerpartner');

                if ($this->config->get('module_marketplace_status') && (((int)$this->config->get('marketplace_min_cart_value') && (int)$this->config->get('marketplace_min_cart_value') > $this->cart->getTotal()) || ($this->model_account_customerpartner->getProductRestriction()))) {
                  $this->response->redirect($this->url->link('checkout/cart'));
                }
              ]]></add>
          </operation>

             <operation>
                        <search><![CDATA[
                      foreach ($products as $product) {
                        ]]></search>
                        <add position="before"><![CDATA[
                                       if($this->config->get('module_marketplace_status')) {
                                            $productName = '';
                                        }
                              ]]></add>
                </operation>
                <operation>
                        <search><![CDATA[
                      foreach ($products as $product_2) {
                        ]]></search>
                        <add position="before"><![CDATA[
                                        if($this->config->get('module_marketplace_status')) {

                                             $this->load->model('account/customerpartner');

                                             $checkSellerOwnProduct = $this->model_account_customerpartner->checkSellerOwnProduct($product['product_id']);

                                            if ($checkSellerOwnProduct && !$this->config->get('marketplace_sellerbuyproduct')) {
                                                $allowedProductBuy = false;
                                            }else{
                                                $allowedProductBuy = true;
                                            }

                                            if(!$allowedProductBuy) {
                                                $productName .= $product['name'].', ';
                                                $this->session->data['sellerProducts'] = $productName;
                                                $this->response->redirect($this->url->link('checkout/cart'));
                                            }
                                        }
                              ]]></add>
                </operation>
        </file>
        <file path="catalog/controller/checkout/cart.php">

          <operation>
            <search><![CDATA[
              $unit_price = $this->tax->calculate($product['price'], $product['tax_class_id'], $this->config->get('config_tax'));
            ]]></search>
            <add position="before"><![CDATA[
              if(isset($product['commission_amount']) && $product['commission_amount']){
                $product['price'] += $product['commission_amount'];
              }
            ]]></add>
          </operation>

          <operation>
              <search><![CDATA[
                if ($this->config->get('config_customer_price') && !$this->customer->isLogged()) {
              ]]></search>
              <add position="before"><![CDATA[
                $this->load->model('account/customerpartner');

                $product_quantity_restriction = $this->model_account_customerpartner->getProductRestriction();
                if ($this->config->get('module_marketplace_status') && $product_quantity_restriction) {
                  $data['error_warning'] = sprintf($this->language->get('error_product_quantity_restriction'),(int)$this->config->get('marketplace_product_quantity_restriction'), $product_quantity_restriction['name']);
                }

                if ($this->config->get('module_marketplace_status') && (int)$this->config->get('marketplace_min_cart_value') && (int)$this->config->get('marketplace_min_cart_value') > $this->cart->getTotal()) {
                    $data['error_warning'] = sprintf($this->language->get('error_min_cart_value'), $this->currency->format($this->config->get('marketplace_min_cart_value'), $this->session->data['currency']));
                }
              ]]></add>
          </operation>

                <operation>
                        <search><![CDATA[
                      if ($this->cart->hasProducts() || !empty($this->session->data['vouchers'])) {
                        ]]></search>
                        <add position="before"><![CDATA[
                           if($this->config->get('module_marketplace_status')) {
                                $data['module_marketplace_status'] = $this->config->get('module_marketplace_status');
                                if(isset($this->session->data['sellerProducts'])) {
                                    $data['error_warning_seller_product'] = " Warning: Please remove ".trim($this->session->data['sellerProducts'],', ')." from cart to checkout!";
                                    unset($this->session->data['sellerProducts']);
                                } else {
                                    $data['error_warning_seller_product'] = false;
                                }
                            }
                              ]]></add>
                </operation>
        </file>
        <file path="catalog/view/theme/*/template/checkout/cart.twig">
                <operation>
                        <search><![CDATA[
                      {% if error_warning %}
                        ]]></search>
                        <add position="before"><![CDATA[
                           {% if module_marketplace_status is defined and module_marketplace_status %}
                            {% if error_warning_seller_product %}
                              <div class="alert alert-danger"><i class="fa fa-exclamation-circle"></i> {{ error_warning_seller_product }}
                                  <button type="button" class="close" data-dismiss="alert">&times;</button>
                                </div>
                            {% endif %}
                          {% endif %}

                              ]]></add>
                </operation>
        </file>
        <file path="catalog/controller/account/order.php">
                <operation>
                        <search><![CDATA[
                      if (isset($this->session->data['error'])) {
                        ]]></search>
                        <add position="before"><![CDATA[
                          // marketplace
                          $this->load->model('account/customerpartner');
                          $data['button_order_detail'] = $this->language->get('button_order_detail');
                          $data['text_tracking'] = $this->language->get('text_tracking');
                          $data['module_marketplace_status'] = $this->config->get('module_marketplace_status');
                          // marketplace
                              ]]></add>
                </operation>
                <operation>
                        <search><![CDATA[
                      'reorder'
                        ]]></search>
                        <add position="after"><![CDATA[
                           // marketplace
                          'order_detail'   => $this->url->link('account/customerpartner/order_detail', 'order_id=' . $order_info['order_id'] . '&product_id=' . $product['product_id'], true),
                          'order_id' => $product['order_id'],
                          'product_id' => $product['product_id'],
                           // marketplace
                              ]]></add>
                </operation>
        </file>
        <file path="catalog/language/*/account/order.php">
                <operation>
                        <search><![CDATA[
                      $_['error_reorder']
                        ]]></search>
                        <add position="after"><![CDATA[
// marketplace
$_['button_order_detail']   = 'Track Order';
$_['text_tracking']         = 'Product Tracking Details';
                              ]]></add>
                </operation>
        </file>
        <file path="catalog/view/theme/*/template/account/order_info.twig">
                <operation>
                        <search><![CDATA[
                     <a href="{{ product.return }}" data-toggle="tooltip" title="{{ button_return }}" class="btn btn-danger"><i class="fa fa-reply"></i></a>
                        ]]></search>
                        <add position="replace"><![CDATA[
                        <!-- marketplace -->
                {% if module_marketplace_status is defined and module_marketplace_status %}
                <a onclick = "getProductOrderStatus({{ product['order_id'] }},{{ product['product_id'] }})" data-toggle="tooltip" title="{{ button_order_detail }}" class="btn btn-primary"><i class="fa fa-truck"></i></a>
                 <button class="hide" href="#orderProductStatusModal" data-toggle="modal" id="statusButton"></button>
                 {% endif %}
                 <a href="{{ product.return }}" data-toggle="tooltip" title="{{ button_return }}" class="btn btn-danger"><i class="fa fa-reply"></i></a>
                              ]]></add>
                </operation>
                                 <operation>
                        <search><![CDATA[
                    {{ footer }}
                        ]]></search>
                        <add position="before"><![CDATA[
<!-- marketplace -->
{% if module_marketplace_status is defined and module_marketplace_status %}
<div id="orderProductStatusModal" class="modal fade bs-example-modal-sm" tabindex="-1" role="dialog" aria-labelledby="mySmallModalLabel" aria-hidden="true">
    <div class="modal-dialog">
      <div class="modal-content">
        <div class="modal-header">
            <button type="button" class="close" data-dismiss="modal" aria-hidden="true">×</button>
            <h3 class="modal-title">{{ text_tracking }}</h3>
        </div>
        <div class="modal-body" id="orderProductStatusModalBody">

        </div>
        <div class="modal-footer">
          <button class="btn closebtn" data-dismiss="modal" aria-hidden="true" id="closeButton">Close</button>
        </div>
      </div>
  </div>
</div>
<script>
  function getProductOrderStatus (order_id,product_id) {
          $.ajax({
            url: 'index.php?route=account/customerpartner/order_detail&order_id='+order_id+'&product_id='+product_id,
            type: 'get',
            methodType: 'html',
            success: function(html) {
              $('#orderProductStatusModalBody').html(html);
              $('#statusButton').click();
            }
          });
  }
</script>
{% endif %}
<!-- marketplace -->
                              ]]></add>
                </operation>
        </file>
        <file path="admin/controller/customer/customer.php">
            <operation>
                    <search><![CDATA[
                  $this->model_customer_customer->addCustomer($this->request->post);
                    ]]></search>
                    <add position="before"><![CDATA[
            // Marketplace Code Starts Here
            if ($this->config->get('module_marketplace_status') && isset($this->request->get['create_seller'])) {
                $this->model_customer_customer->addCustomer($this->request->post, $create_seller = 1);

                $this->session->data['success'] = $this->language->get('text_success');

                $url = '';

                if (isset($this->request->get['filter_name'])) {
                    $url .= '&filter_name=' . urlencode(html_entity_decode($this->request->get['filter_name'], ENT_QUOTES, 'UTF-8'));
                }

                if (isset($this->request->get['filter_email'])) {
                    $url .= '&filter_email=' . urlencode(html_entity_decode($this->request->get['filter_email'], ENT_QUOTES, 'UTF-8'));
                }

                if (isset($this->request->get['filter_customer_group_id'])) {
                    $url .= '&filter_customer_group_id=' . $this->request->get['filter_customer_group_id'];
                }

                if (isset($this->request->get['filter_status'])) {
                    $url .= '&filter_status=' . $this->request->get['filter_status'];
                }

                if (isset($this->request->get['filter_approved'])) {
                    $url .= '&filter_approved=' . $this->request->get['filter_approved'];
                }

                if (isset($this->request->get['filter_ip'])) {
                    $url .= '&filter_ip=' . $this->request->get['filter_ip'];
                }

                if (isset($this->request->get['filter_date_added'])) {
                    $url .= '&filter_date_added=' . $this->request->get['filter_date_added'];
                }

                if (isset($this->request->get['sort'])) {
                    $url .= '&sort=' . $this->request->get['sort'];
                }

                if (isset($this->request->get['order'])) {
                    $url .= '&order=' . $this->request->get['order'];
                }

                if (isset($this->request->get['page'])) {
                    $url .= '&page=' . $this->request->get['page'];
                }

                if (isset($this->request->get['view_all'])) {
                    $url .= '&view_all=' . $this->request->get['view_all'];
                }

                $this->response->redirect($this->url->link('customerpartner/partner', 'user_token=' . $this->session->data['user_token'] . $url, true));

            }else{ // Marketplace Code Ends Here

                          ]]></add>
            </operation>
            <operation>
                    <search><![CDATA[
                  $this->model_customer_customer->addCustomer($this->request->post);
                    ]]></search>
                    <add position="after"><![CDATA[
            // Marketplace Code Starts Here
            }
            // Marketplace Code Ends Here

                          ]]></add>
            </operation>
            <operation>
                    <search><![CDATA[
                   $data['action'] = $this->url->link('customer/customer/add',
                    ]]></search>
                    <add position="before"><![CDATA[
            // Marketplace Code Starts Here
            if ($this->config->get('module_marketplace_status') && isset($this->request->get['create_seller'])) {

                if (isset($this->request->get['filter_name'])) {
                    $url .= '&filter_name=' . urlencode(html_entity_decode($this->request->get['filter_name'], ENT_QUOTES, 'UTF-8'));
                }

                if (isset($this->request->get['filter_email'])) {
                    $url .= '&filter_email=' . urlencode(html_entity_decode($this->request->get['filter_email'], ENT_QUOTES, 'UTF-8'));
                }

                if (isset($this->request->get['filter_customer_group_id'])) {
                    $url .= '&filter_customer_group_id=' . $this->request->get['filter_customer_group_id'];
                }

                if (isset($this->request->get['filter_status'])) {
                    $url .= '&filter_status=' . $this->request->get['filter_status'];
                }

                if (isset($this->request->get['filter_approved'])) {
                    $url .= '&filter_approved=' . $this->request->get['filter_approved'];
                }

                if (isset($this->request->get['filter_ip'])) {
                    $url .= '&filter_ip=' . $this->request->get['filter_ip'];
                }

                if (isset($this->request->get['filter_date_added'])) {
                    $url .= '&filter_date_added=' . $this->request->get['filter_date_added'];
                }

                if (isset($this->request->get['sort'])) {
                    $url .= '&sort=' . $this->request->get['sort'];
                }

                if (isset($this->request->get['order'])) {
                    $url .= '&order=' . $this->request->get['order'];
                }

                if (isset($this->request->get['page'])) {
                    $url .= '&page=' . $this->request->get['page'];
                }

                if (isset($this->request->get['view_all'])) {
                    $url .= '&view_all=' . $this->request->get['view_all'];
                }

                $data['action'] = $this->url->link('customer/customer/add', 'user_token=' . $this->session->data['user_token'] . $url. '&create_seller', true);
            }else{  // Marketplace Code Ends Here

                          ]]></add>
            </operation>
            <operation>
                    <search><![CDATA[
                  $data['action'] = $this->url->link('customer/customer/add', 'user_token=' . $this->session->data['user_token'] . $url, true);
                    ]]></search>
                    <add position="after"><![CDATA[
            // Marketplace Code Starts Here
            }
            // Marketplace Code Ends Here

                    ]]></add>
            </operation>
        </file>
        <file path="admin/model/customer/customer.php">
                <operation>
                        <search><![CDATA[
                      public function deleteCustomer($customer_id) {
                        ]]></search>
                        <add position="after"><![CDATA[
                           /**
                             * Marketplace
                             */
                            if ($this->config->get('module_marketplace_status')) {

                                $this->load->model('customerpartner/partner');
                                $this->model_customerpartner_partner->deleteCustomer($customer_id);
                            }
                             /**
                             * Marketplace
                             */

                              ]]></add>
                </operation>
                <operation>
                        <search><![CDATA[
                      public function addCustomer($data) {
                        ]]></search>
                        <add position="replace"><![CDATA[
                           public function addCustomer($data, $create_seller = '') {

                              ]]></add>
                </operation>
                 <operation>
                        <search><![CDATA[
                      $customer_id = $this->db->getLastId();
                        ]]></search>
                        <add position="after"><![CDATA[
                            if ($this->config->get('module_marketplace_status') && $create_seller) {

                                $this->load->model('customerpartner/partner');
                                $this->model_customerpartner_partner->approve($customer_id, $setstatus = 1);
                            }

                              ]]></add>
                </operation>
        </file>

        <file path="catalog/controller/account/account.php">
            <operation>
                <search><![CDATA[$this->document->setTitle($this->language->get('heading_title'));]]></search>
                <add position="after"><![CDATA[
                    /**
                    * Marketplace
                    */

                    $this->load->model('account/customerpartner');

                    $data['is_seller'] = 0;

                    $data['marketplace_seller_mode'] = 0;

                    if ($this->config->get('module_marketplace_status') && $this->model_account_customerpartner->chkIsPartner()) {

                        $data['is_seller'] = 1;

                        $data['action'] = $this->url->link('account/account', '', true);

                        if (($this->request->server['REQUEST_METHOD'] == 'POST')) {

                            if (isset($this->request->post['marketplace_seller_mode']) && $this->request->post['marketplace_seller_mode']) {
                                $this->session->data['marketplace_seller_mode'] = $this->request->post['marketplace_seller_mode'];
                            } else {
                                $this->session->data['marketplace_seller_mode'] = 0;
                            }
                        }

                        if(isset($this->session->data['marketplace_seller_mode'])){
                            $data['marketplace_seller_mode'] = $this->session->data['marketplace_seller_mode'];
                        } else {
                            $data['marketplace_seller_mode'] = 1;
                            $this->session->data['marketplace_seller_mode'] = 1;
                        }

                        $this->load->language('extension/module/marketplace');

                        $data['text_mode_seller'] = $this->language->get('text_mode_seller');

                        $data['text_mode_customer'] = $this->language->get('text_mode_customer');

                        $this->document->addScript("https://gitcdn.github.io/bootstrap-toggle/2.2.2/js/bootstrap-toggle.min.js");

                        $this->document->addStyle("https://gitcdn.github.io/bootstrap-toggle/2.2.2/css/bootstrap-toggle.min.css");
                    }
                    /**
                    * Marketplace
                    */
                ]]></add>
            </operation>
        </file>

        <file path="catalog/view/theme/*/template/account/account.twig">
            <operation>
                <search><![CDATA[
                    {{ header }}
                ]]></search>
                <add position="after"><![CDATA[
                    <style type="text/css">
                      .btn-success{
                        background-image: linear-gradient(to bottom, #62c462, #51a351);
                      }
                    </style>
                ]]></add>
            </operation>

            <operation>
                <search><![CDATA[
                    <div id="content" class="{{ class }}">{{ content_top }}
                ]]></search>
                <add position="after"><![CDATA[
                    {% if is_seller is defined and is_seller %}
                        <form class="form-horizontal" action="{{ action }}" method="post" id="form-mode">
                            <div>
                              {% if marketplace_seller_mode is defined and marketplace_seller_mode %}
                               <input value="1" name="marketplace_seller_mode" data-toggle="toggle" data-on="{{ text_mode_seller }}" data-off="{{ text_mode_customer }}" data-onstyle="success" data-offstyle="danger" type="checkbox" class="form-control hide" checked>
                              {% else %}
                               <input value="1" name="marketplace_seller_mode" data-toggle="toggle" data-on="{{ text_mode_seller }}" data-off="{{ text_mode_customer }}" data-onstyle="success" data-offstyle="danger" type="checkbox" class="form-control hide">
                              {% endif %}
                            </div>
                        </form>
                        <br/>
                    {% endif %}
                ]]></add>
            </operation>

            <operation>
                <search><![CDATA[
                    {{ footer }}
                ]]></search>
                <add position="before"><![CDATA[
                    <script type="text/javascript">
                      $('input[name=\'marketplace_seller_mode\']').on('change',function() {
                        $("#form-mode").submit();
                      });
                    </script>
                ]]></add>
            </operation>
        </file>
    <file path="catalog/controller/checkout/confirm.php">
        <operation>
            <search><![CDATA[
                $data['products'][] = array(
            ]]></search>
            <add position="before"><![CDATA[
                if ($this->config->get('module_marketplace_status') && $this->config->get('shipping_wk_custom_shipping_status') && isset($this->session->data['shipping_address']['postcode']) && isset($this->session->data['shipping_method']['code']) && $this->session->data['shipping_method']['code'] == 'shipping_wk_custom_shipping.shipping_wk_custom_shipping' && isset($product['product_id']) && $product['product_id']) {

                    $this->load->model('account/customerpartner');

                    $this->load->language('customerpartner/profile');

                    $check_seller = $this->model_account_customerpartner->getProductSellerDetails($product['product_id']);

                    $seller_id = 0;

                    if (isset($check_seller['customer_id']) && $check_seller['customer_id']) {
                        $seller_id = $check_seller['customer_id'];
                    }

                    $weight = 0;

                    if (isset($product_info['weight']) && $product_info['weight']) {
                        $weight = $product_info['weight'];
                    }

                    $max_days = $this->model_account_customerpartner->getMinDays($seller_id,$this->session->data['shipping_address']['postcode'],$weight);

                    if (isset($max_days['max_days']) && $max_days['max_days']) {
                        $date = new DateTime(date('Y-m-d', strtotime("+".$max_days['max_days']." days")));

                        $data['delivery_date'] = $date->format('Y-m-d');

                        $data['text_delivery_date'] = $this->language->get('text_delivery_date');
                    }
                }
            ]]></add>
        </operation>

        <operation>
            <search><![CDATA[
                $data['products'][] = array(
            ]]></search>
            <add position="after"><![CDATA[
                'delivery_date'   => isset($data['delivery_date']) && $data['delivery_date'] ? $data['delivery_date'] : '',
            ]]></add>
        </operation>


    </file>
    <file path="catalog/view/theme/*/template/checkout/confirm.twig">
        <operation>
            <search><![CDATA[
                <td class="text-right">{{ column_price }}</td>
            ]]></search>
            <add position="before"><![CDATA[
                {% if delivery_date is defined and delivery_date %}
                  <td class="text-right">{{ text_delivery_date }}</td>
                {% endif %}
            ]]></add>
        </operation>

        <operation>
            <search><![CDATA[
                <td class="text-right">{{ product.price }}</td>
            ]]></search>
            <add position="before"><![CDATA[
                {% if delivery_date is defined and delivery_date %}
                  <td class="text-right">{{ product['delivery_date'] }}</td>
                {% endif %}
            ]]></add>
        </operation>

        <operation>
            <search><![CDATA[
                <td colspan="4" class="text-right"><strong>{{ total.title }}:</strong></td>
            ]]></search>
            <add position="replace"><![CDATA[
                {% if delivery_date is defined and delivery_date %}
                  <td colspan="5" class="text-right"><strong>{{ total['title'] }}:</strong></td>
                {% else %}
                  <td colspan="4" class="text-right"><strong>{{ total.title }}:</strong></td>
                {% endif %}
            ]]></add>
        </operation>
    </file>
    <file path="catalog/model/account/activity.php">
      <operation>
        <search><![CDATA[
          $this->db->query("INSERT INTO `" . DB_PREFIX . "customer_activity` SET `customer_id` = '" . (int)$customer_id . "', `key` = '" . $this->db->escape($key) . "', `data` = '" . $this->db->escape(json_encode($data)) . "', `ip` = '" . $this->db->escape($this->request->server['REMOTE_ADDR']) . "', `date_added` = NOW()");
        ]]></search>
        <add position="after"><![CDATA[
          $this->load->model('account/notification');
          $this->model_account_notification->addSellerOrderActivity($this->db->getLastId(),$key, $data);
        ]]></add>
      </operation>
    </file>

    <file path="admin/controller/common/header.php">
      <operation>
        <search><![CDATA[
          return $this->load->view('common/header', $data);
        ]]></search>
        <add position="before"><![CDATA[
          if (isset($this->session->data['user_token'])) {
						$data['user_token'] = $this->session->data['user_token'];
            if ($this->user->hasPermission('access', 'customerpartner/notification')) {
							$data['notification_access'] = 1;
						}
					}
        ]]></add>
      </operation>
    </file>

    <file path="admin/view/template/common/header.twig">
      <operation>
        <search><![CDATA[
          <ul class="nav navbar-nav navbar-right">
        ]]></search>
        <add position="after"><![CDATA[
          <li class="dropdown" id="wk-notify"></li>
          {% if notification_access is defined and notification_access %}
            <script type="text/javascript">
              $(document).ready(function () {
                function wk_notify(){
                  $.ajax({
                    url: 'index.php?route=customerpartner/notification/notifications&user_token={{ user_token }}',
                    method: 'post',
                    dataType: 'json',
                    success: function(json) {
                      $('#wk-notify').html(json);
                    },
                  });
               }
                setInterval(wk_notify, 30000);
                wk_notify();
              });
            </script>
          {% endif %}
        ]]></add>
      </operation>
    </file>

    <file path="catalog/model/catalog/review.php">
      <operation>
        <search><![CDATA[
          $review_id = $this->db->getLastId();
        ]]></search>
        <add position="after"><![CDATA[
          $this->load->model('account/notification');
          $this->model_account_notification->productReviewActivity($product_id, $review_id, $data['name']);
        ]]></add>
      </operation>
    </file>

    <file path="catalog/model/checkout/order.php">
      <operation>
        <search><![CDATA[
          $this->db->query("UPDATE " . DB_PREFIX . "product SET quantity = (quantity - " . (int)$order_product['quantity'] . ") WHERE product_id = '" . (int)$order_product['product_id'] . "' AND subtract = '1'");
        ]]></search>
        <add position="after"><![CDATA[
          $this->load->model('account/notification');
          $this->model_account_notification->productStockActivity($order_product['product_id']);
        ]]></add>
      </operation>

      <operation>
        <search><![CDATA[
          $this->cache->delete('product');
        ]]></search>
        <add position="before"><![CDATA[
          if ($order_id && $order_status_id && $order_info['order_status_id']) {
            $this->load->model('account/notification');
            $activity_data = array(
              'id' => $order_info['customer_id'],
              'status'        => $order_status_id,
              'order_id'    => $order_id
            );

            $this->model_account_notification->addActivity('order_status', $activity_data);
          }
        ]]></add>
      </operation>
    </file>


    <file path="catalog/controller/customerpartner/sell.php">
      <operation>
        <search><![CDATA[
          'href'        => $this->url->link('product/product', 'product_id=' . $result['product_id'],true)
        ]]></search>
        <add position="after"><![CDATA[
          ,'quick_view'  => $this->config->get('config_ssl').'index.php?route=extension/soconfig/quickview&product_id='.$result['product_id']
        ]]></add>
      </operation>
    </file>
        <!-- end here -->
</modification>
