<?xml version="1.0" encoding="UTF-8"?>

<modification>
    <name>Change-MP-Paths</name>
    <version>1.0.0</version>
    <code>All SEF urls</code>
    <author>Webkul</author>
    <link>http://webkul.com</link>

    <file path="catalog/controller/startup/seo_url.php">
        <operation>
            <search><![CDATA[
                $this->request->get['route'] = 'error/not_found';
                ]]></search>
            <add position="before" offset="1"><![CDATA[
                }elseif($this->config->get('module_marketplace_status') && $this->config->get('marketplace_useseo') AND $this->request->get['_route_']=='Marketplace-Collection'){
                    $this->request->get['route'] =  'customerpartner/profile/collection';
                }elseif ($this->config->get('module_marketplace_status') && $this->config->get('marketplace_useseo') AND is_array($this->config->get('marketplace_SefUrlsvalue')) AND (in_array($this->request->get['_route_'],$this->config->get('marketplace_SefUrlsvalue')) || in_array(current(explode('/',$this->request->get['_route_'])),$this->config->get('marketplace_SefUrlsvalue')) )) {
                    $_route_ = explode('/',$this->request->get['_route_']);

                    $sefKey = array_search($_route_[0],$this->config->get('marketplace_SefUrlsvalue'));

                    $wkSefUrlspath = $this->config->get('marketplace_SefUrlspath');

                    if(isset($wkSefUrlspath[$sefKey])) {

                        if($wkSefUrlspath[$sefKey]=='customerpartner/profile' AND isset($_route_[1])) {

                            $query = $this->db->query("SELECT customer_id FROM " . DB_PREFIX . "customerpartner_to_customer WHERE `screenname` = '" . $this->db->escape($_route_[1]) . "'");
                            if ($query->num_rows) {
                                if($query->row['customer_id']){
                                   $this->request->get['id'] = $query->row['customer_id'];
                                }
                            }
                        $this->request->get['route'] = 'customerpartner/profile';

                    } elseif($wkSefUrlspath[$sefKey]=='product/product' && in_array('product/product',$this->config->get('marketplace_SefUrlspath'))) {
                    $new_route = str_replace($this->config->get('marketplace_product_seo_page_ext'),'',$this->request->get['_route_']);
                    $product_name = false;
                    if($this->config->get('marketplace_product_seo_format')) {
                        if($this->config->get('marketplace_product_seo_format')=='1') {
                            $mpparts = explode('/', $new_route);
                            if(isset($mpparts[1]) ) {
                                $product_name = $mpparts[1];
                            }
                        } else if($this->config->get('marketplace_product_seo_format')=='2') {
                           $mpparts = explode($this->config->get('marketplace_product_seo_default_name').'-',$new_route,2);
                             if (!isset($mpparts[1])) {
                              $mpparts = explode('/',$mpparts[0],2);

                              if (isset($mpparts[1])) {
                                $mpparts = explode('-',$mpparts[1],2);
                              }
                             }

                            if(isset($mpparts[1]))
                                $product_name = $mpparts[1];
                        } else if($this->config->get('marketplace_product_seo_format')=='3') {
                            $mpparts = explode('/',$new_route);
                            if($mpparts[1])
                                $product_name = $mpparts[1];
                        }
                    }
                    if ($product_name) {
                        $query = $this->db->query("SELECT * FROM " . DB_PREFIX . "seo_url WHERE keyword = '" . $this->db->escape($product_name) . "'");

                        if ($query->num_rows) {
                            $url = explode('=', $query->row['query']);

                            if ($url[0] == 'product_id') {
                                $this->request->get['product_id'] = $url[1];
                            }
                        }

                        if(!$query->num_rows AND $this->config->get('marketplace_product_seo_product_name')) {
                            $product_name = str_replace('-', ' ', $product_name);
                            $query = $this->db->query("SELECT pd.product_id FROM ".DB_PREFIX."product_description pd WHERE pd.name = '".$this->db->escape($product_name)."' AND pd.language_id = '".$this->config->get('config_language_id')."'");

                            if ($query->num_rows)
                                $this->request->get['product_id'] = $query->row['product_id'];
                        }

                        $this->request->get['route'] = 'product/product';

                    }

                }else{
                    $this->request->get['route'] =  $wkSefUrlspath[$sefKey];
                }

            }
            ]]></add>
        </operation>

        <operation>

            <search><![CDATA[} elseif ($key == 'path') {]]></search>
            <add position="before"><![CDATA[

                }elseif($this->config->get('module_marketplace_status') && $this->config->get('marketplace_useseo') AND $data['route'] == 'customerpartner/profile/collection'){

                    $url .= '/Marketplace-Collection' ;
                    unset($data[$key]);
                }elseif($this->config->get('module_marketplace_status') && $this->config->get('marketplace_useseo') AND $data['route'] == 'product/product' AND isset($data['product_id']) AND is_array($this->config->get('marketplace_SefUrlspath')) AND in_array($data['route'],$this->config->get('marketplace_SefUrlspath')) ) {
                    $sellerDetail = '';
                    $sellerDetails = $this->db->query("SELECT c2c.screenname,c2c.companyname,c.firstname as sellername FROM ".DB_PREFIX."customerpartner_to_product c2p LEFT JOIN ".DB_PREFIX."product p ON (p.product_id=c2p.product_id) LEFT JOIN ".DB_PREFIX."customerpartner_to_customer c2c ON (c2p.customer_id=c2c.customer_id) LEFT JOIN ".DB_PREFIX."customer c ON (c.customer_id=c2c.customer_id) WHERE c2p.product_id = '".$data['product_id']."' ")->row;

                    if(isset($sellerDetails[$this->config->get('marketplace_product_seo_name')]) && $sellerDetails[$this->config->get('marketplace_product_seo_name')] ) {
                        $sellerDetail = $sellerDetails[$this->config->get('marketplace_product_seo_name')];
                    } else {
                        $sellerDetail = $this->config->get('marketplace_product_seo_default_name');
                    }
                    $keyword = $this->db->query("SELECT keyword FROM " . DB_PREFIX . "seo_url WHERE `query` = 'product_id=" . (int)$data['product_id'] .  "' AND store_id = '" . (int)$this->config->get('config_store_id') . "' AND language_id = '" . (int)$this->config->get('config_language_id') . "'")->row;

                    if(isset($keyword['keyword']) && $keyword['keyword']) {
                        $keyword = $keyword['keyword'];
                        unset($data['product_id']);
                    } else if($this->config->get('marketplace_product_seo_name')) {

                        $key_word = $this->db->query("SELECT name FROM ".DB_PREFIX."product_description pd WHERE product_id = '".$data['product_id']."' AND language_id = '".$this->config->get('config_language_id')."' ")->row;

                        if(isset($key_word['name'])) {
                            $keyword = str_replace(' ','-',$key_word['name']);
                        } else {
                            $keyword = '';
                        }
                    }
                    $sefKey = array_search($data['route'],$this->config->get('marketplace_SefUrlspath'));
                    $wkSefUrlsvalue = $this->config->get('marketplace_SefUrlsvalue');
                    if(isset($wkSefUrlsvalue[$sefKey]) && $wkSefUrlsvalue[$sefKey]) {
                        $url .= '/'.$wkSefUrlsvalue[$sefKey];
                    } else {
                        $url .= '';
                    }
                    if($sellerDetail) {
                        if($this->config->get('marketplace_product_seo_format') == '1') {
                            $url .= '/'.$keyword;
                        } else if($this->config->get('marketplace_product_seo_format') == '2') {
                            $url .= '/'.str_replace(array(' ', '-'),'_',$sellerDetail).'-'.$keyword;
                        } else if ($this->config->get('marketplace_product_seo_format') == '3') {
                            $url .= '/'.$keyword.'/'.str_replace(' ','-',$sellerDetail);
                        }
                        if($this->config->get('marketplace_product_seo_page_ext')) {
                            $url .= $this->config->get('marketplace_product_seo_page_ext');
                        }
                        unset($data[$key]);
                    } else {

                        $sefKey = array_search($data['route'],$this->config->get('marketplace_SefUrlspath'));
                        $wkSefUrlsvalue = $this->config->get('marketplace_SefUrlsvalue');

                        if(isset($wkSefUrlsvalue[$sefKey])){
                            if($keyword){
                                $url .=  '/'.$keyword;
                            }
                            if($this->config->get('marketplace_product_seo_page_ext')) {
                                $url .= $this->config->get('marketplace_product_seo_page_ext');
                            }
                            unset($data[$key]);
                        }
                    }
                    unset($data['product_id']);
                } elseif ($this->config->get('module_marketplace_status') && $this->config->get('marketplace_useseo') AND is_array($this->config->get('marketplace_SefUrlspath')) AND in_array($data['route'],$this->config->get('marketplace_SefUrlspath'))) {
                    $sefKey = array_search($data['route'],$this->config->get('marketplace_SefUrlspath'));

                    $wkSefUrlsvalue = $this->config->get('marketplace_SefUrlsvalue');
                    if(isset($wkSefUrlsvalue[$sefKey])){
                        if($data['route']=='customerpartner/profile'){
                            if($key == 'id'){
                                $url .=  '/'.$wkSefUrlsvalue[$sefKey];

                                $query = $this->db->query("SELECT screenname FROM " . DB_PREFIX . "customerpartner_to_customer WHERE `customer_id` = '" . (int)$data[$key] . "'");
                                if ($query->num_rows) {

                                   if(trim($query->row['screenname'])){
                                      $url .= '/' . $query->row['screenname'];
                                    }else{
                                      $url .= '';
                                    }
                                    unset($data[$key]);
                                }
                            }
                        }elseif(($data['route'] != 'product/product') && ($data['route'] != 'customerpartner/profile')){
                            $url .=  '/'.$wkSefUrlsvalue[$sefKey];
                            unset($data[$key]);
                        }
                    }

            ]]></add>
        </operation>
    </file>

    <file path="catalog/controller/checkout/confirm.php">
        <operation>
            <search><![CDATA[
                'price'      => $this->currency->format($this->tax->calculate($product['price'], $product['tax_class_id'], $this->config->get('config_tax')), $this->session->data['currency']),
            ]]></search>
            <add position="replace"><![CDATA[
                'price'      => $this->currency->format($this->tax->calculate($product['price'], $product['tax_class_id'], $this->config->get('config_tax'))+$product['commission_amount'], $this->session->data['currency']),
            ]]></add>
        </operation>

        <operation>
            <search><![CDATA[
                'total'      => $this->currency->format($this->tax->calculate($product['price'], $product['tax_class_id'], $this->config->get('config_tax')) * $product['quantity'], $this->session->data['currency']),
            ]]></search>
            <add position="replace"><![CDATA[
                'total'      => $this->currency->format(($this->tax->calculate($product['price'], $product['tax_class_id'], $this->config->get('config_tax'))+$product['commission_amount']) * $product['quantity'], $this->session->data['currency']),
            ]]></add>
        </operation>
    </file>

    <file path="system/library/cart/cart.php">

      <operation>
          <search><![CDATA[
            public function getProducts() {
          ]]></search>
          <add position="before"><![CDATA[
            public function calculateCommission($product,$customer_id) {

              if($product) {
                $categories_array = $this->db->query("SELECT p2c.category_id,c.parent_id FROM ".DB_PREFIX."product_to_category p2c LEFT JOIN ".DB_PREFIX."category c ON (p2c.category_id = c.category_id) WHERE p2c.product_id = '".(int)$product['product_id']."' ORDER BY p2c.product_id ");

                if($this->config->get('marketplace_commissionworkedon'))
                  $categories = $categories_array->rows;
                else
                  $categories = array($categories_array->row);

                //get commission array for priority
                $commission = $this->config->get('marketplace_boxcommission');
                $commission_amount = 0;
                $commission_type = '';

                if($commission)
                  foreach($commission as $various) {
                    switch ($various) {
                      case 'category': //get all parent category according to product and process
                        if(isset($categories[0]) && $categories[0]){

                          foreach($categories as $category) {
                            if($category['parent_id']==0){
                              $category_commission = $query = $this->db->query("SELECT * FROM ".DB_PREFIX."customerpartner_commission_category WHERE category_id = '" . (int)$category['category_id'] . "'")->row;
                              if($category_commission){
                                $commission_amount += ( $category_commission['percentage'] ? ($category_commission['percentage']*$product['product_total']/100) : 0 ) + $category_commission['fixed'];
                              }
                            }
                          }
                          $commission_type = 'Category Based';
                          if($commission_amount)
                            break;
                        }

                      case 'category_child': //get all child category according to product and process
                        if(isset($categories[0]) && $categories[0]){

                          foreach($categories as $category){
                            if($category['parent_id'] > 0){
                              $category_commission = $query = $this->db->query("SELECT * FROM ".DB_PREFIX."customerpartner_commission_category WHERE category_id = '" . (int)$category['category_id'] . "'")->row;
                              if($category_commission){
                                $commission_amount += ( $category_commission['percentage'] ? ($category_commission['percentage']*$product['product_total']/100) : 0 ) + $category_commission['fixed'];
                              }
                            }
                          }

                          $commission_type = 'Category Child Based';
                          if($commission_amount)
                            break;
                        }

                      default: //just get all amount and process on that (precentage based)
                        $customer_commission = $query = $this->db->query("SELECT commission FROM ".DB_PREFIX."customerpartner_to_customer WHERE customer_id = '" . (int)$customer_id . "'")->row;
                        if($customer_commission) {
                          $commission_amount += $customer_commission['commission'] ? ($customer_commission['commission']*$product['product_total']/100) : 0;
                        }

                        $commission_type = 'Partner Fixed Based';
                        break;
                    }
                    if($commission_amount)
                      break;
                  }
                $return_array = array(
                  'commission' => $commission_amount,
                  'customer' => $product['product_total']- $commission_amount,
                  'type' => $commission_type,
                );
                return($return_array);
              }
            }
          ]]></add>
      </operation>

      <operation>
          <search><![CDATA[
            'price'           => ($price + $option_price),
          ]]></search>
          <add position="after"><![CDATA[
            'commission_amount'  => $commission_amount,
          ]]></add>
      </operation>

      <operation>
          <search><![CDATA[
            'total'           => ($price + $option_price) * $cart['quantity'],
          ]]></search>
          <add position="replace"><![CDATA[
            'total'           => ($price + $option_price + $commission_amount) * $cart['quantity'],
          ]]></add>
      </operation>

        <operation>
            <search><![CDATA[
                $total += $this->tax->calculate($product['price'], $product['tax_class_id'], $this->config->get('config_tax')) * $product['quantity'];
            ]]></search>
            <add position="replace"><![CDATA[
                $total += ($this->tax->calculate($product['price'], $product['tax_class_id'], $this->config->get('config_tax'))+$product['commission_amount']) * $product['quantity'];
            ]]></add>
        </operation>

        <operation>
            <search><![CDATA[
              $tax_rates = $this->tax->getRates($product['price'], $product['tax_class_id']);
            ]]></search>
            <add position="replace"><![CDATA[
              $tax_rates = $this->tax->getRates($product['total'], $product['tax_class_id']);
            ]]></add>
        </operation>

        <operation>
            <search><![CDATA[
              $product_data[] = array(
            ]]></search>
            <add position="before"><![CDATA[
              $commission_amount = 0;
              if ($this->config->get('module_marketplace_status')) {
                 $check_seller_product = $this->db->query("SELECT * FROM ".DB_PREFIX."customerpartner_to_product WHERE product_id = '".$product_query->row['product_id']."'")->row;
                 if ($check_seller_product) {
                  if ($this->config->get('marketplace_commission_tax')) {
                    $commission_array = $this->calculateCommission(array('product_id'=> $product_query->row['product_id'], 'product_total'=> $this->tax->calculate(($price + $option_price), $product_query->row['tax_class_id'], $this->config->get('config_tax'))),$check_seller_product['customer_id']);
                  }else{
                    $commission_array = $this->calculateCommission(array('product_id'=>$product_query->row['product_id'], 'product_total'=>($price + $option_price)),$check_seller_product['customer_id']);
                  }

                  if($commission_array && isset($commission_array['commission']) && $this->config->get('marketplace_commission_unit_price')){
                        $commission_amount = $commission_array['commission'];
                  }
                }
              }
            ]]></add>
        </operation>

    </file>

    <file path="system/library/cart/cart.php">
      <operation>
          <search><![CDATA[
            $this->data[] = array(
          ]]></search>
          <add position="before"><![CDATA[
            $commission_amount = 0;
            if ($this->config->get('module_marketplace_status')) {
               $check_seller_product = $this->db->query("SELECT * FROM ".DB_PREFIX."customerpartner_to_product WHERE product_id = '".$product_query->row['product_id']."'")->row;
               if ($check_seller_product) {
                if ($this->config->get('marketplace_commission_tax')) {
                  $commission_array = $this->calculateCommission(array('product_id'=> $product_query->row['product_id'], 'product_total'=> $this->tax->calculate(($price + $option_price), $product_query->row['tax_class_id'], $this->config->get('config_tax'))),$check_seller_product['customer_id']);
                }else{
                  $commission_array = $this->calculateCommission(array('product_id'=>$product_query->row['product_id'], 'product_total'=>($price + $option_price)),$check_seller_product['customer_id']);
                }

                if($commission_array && isset($commission_array['commission']) && $this->config->get('marketplace_commission_unit_price')){
                      $commission_amount = $commission_array['commission'];
                }
              }
            }
          ]]></add>
      </operation>
    </file>

    <file path="admin/view/template/catalog/product_form.twig">
        <operation>
            <search><![CDATA[
              $('input[name=\'category\']').val('');
            ]]></search>
            <add position="before"><![CDATA[
              addCategoryAttribute(item);
              addCategoryOption(item);
            ]]></add>
        </operation>
        <operation>
            <search><![CDATA[
                var option_row = {{ option_row }};
            ]]></search>
            <add position="after"><![CDATA[
            function addCategoryOption(item)  {
              if (item.value) {
                $.ajax({
                  url: 'index.php?route=customerpartner/optionmapping/categoryOption&user_token={{user_token}}&category_id=' + item.value,
                  dataType: 'json',
                  success: function(json) {
                    $.each(json, function(key,val){
                        addOption(val);
                        var category_option_row = option_row -1;
                        $('input[name=\'product_option[' + category_option_row + '][name]\']').val(val.name);
                        $('input[name=\'product_option[' + category_option_row + '][option_id]\']').val(val.option_id);
                    });
                  }
                });
              }
            }
            function addOption(item) {
              html  = '<div class="tab-pane" id="tab-option' + option_row + '">';
              html += '	<input type="hidden" name="product_option[' + option_row + '][product_option_id]" value="" />';
              html += '	<input type="hidden" name="product_option[' + option_row + '][name]" value="' + item['label'] + '" />';
              html += '	<input type="hidden" name="product_option[' + option_row + '][option_id]" value="' + item['option_id'] + '" />';
              html += '	<input type="hidden" name="product_option[' + option_row + '][type]" value="' + item['type'] + '" />';

              html += '	<div class="form-group">';
              html += '	  <label class="col-sm-2 control-label" for="input-required' + option_row + '">{{ entry_required }}</label>';
              html += '	  <div class="col-sm-10"><select name="product_option[' + option_row + '][required]" id="input-required' + option_row + '" class="form-control">';
              html += '	      <option value="1">{{ text_yes }}</option>';
              html += '	      <option value="0">{{ text_no }}</option>';
              html += '	  </select></div>';
              html += '	</div>';

              if (item['type'] == 'text') {
                html += '	<div class="form-group">';
                html += '	  <label class="col-sm-2 control-label" for="input-value' + option_row + '">{{ entry_option_value }}</label>';
                html += '	  <div class="col-sm-10"><input type="text" name="product_option[' + option_row + '][value]" value="" placeholder="{{ entry_option_value }}" id="input-value' + option_row + '" class="form-control" /></div>';
                html += '	</div>';
              }

              if (item['type'] == 'textarea') {
                html += '	<div class="form-group">';
                html += '	  <label class="col-sm-2 control-label" for="input-value' + option_row + '">{{ entry_option_value }}</label>';
                html += '	  <div class="col-sm-10"><textarea name="product_option[' + option_row + '][value]" rows="5" placeholder="{{ entry_option_value }}" id="input-value' + option_row + '" class="form-control"></textarea></div>';
                html += '	</div>';
              }

              if (item['type'] == 'file') {
                html += '	<div class="form-group" style="display: none;">';
                html += '	  <label class="col-sm-2 control-label" for="input-value' + option_row + '">{{ entry_option_value }}</label>';
                html += '	  <div class="col-sm-10"><input type="text" name="product_option[' + option_row + '][value]" value="" placeholder="{{ entry_option_value }}" id="input-value' + option_row + '" class="form-control" /></div>';
                html += '	</div>';
              }

              if (item['type'] == 'date') {
                html += '	<div class="form-group">';
                html += '	  <label class="col-sm-2 control-label" for="input-value' + option_row + '">{{ entry_option_value }}</label>';
                html += '	  <div class="col-sm-3"><div class="input-group date"><input type="text" name="product_option[' + option_row + '][value]" value="" placeholder="{{ entry_option_value }}" data-date-format="YYYY-MM-DD" id="input-value' + option_row + '" class="form-control" /><span class="input-group-btn"><button type="button" class="btn btn-default"><i class="fa fa-calendar"></i></button></span></div></div>';
                html += '	</div>';
              }

              if (item['type'] == 'time') {
                html += '	<div class="form-group">';
                html += '	  <label class="col-sm-2 control-label" for="input-value' + option_row + '">{{ entry_option_value }}</label>';
                html += '	  <div class="col-sm-10"><div class="input-group time"><input type="text" name="product_option[' + option_row + '][value]" value="" placeholder="{{ entry_option_value }}" data-date-format="HH:mm" id="input-value' + option_row + '" class="form-control" /><span class="input-group-btn"><button type="button" class="btn btn-default"><i class="fa fa-calendar"></i></button></span></div></div>';
                html += '	</div>';
              }

              if (item['type'] == 'datetime') {
                html += '	<div class="form-group">';
                html += '	  <label class="col-sm-2 control-label" for="input-value' + option_row + '">{{ entry_option_value }}</label>';
                html += '	  <div class="col-sm-10"><div class="input-group datetime"><input type="text" name="product_option[' + option_row + '][value]" value="" placeholder="{{ entry_option_value }}" data-date-format="YYYY-MM-DD HH:mm" id="input-value' + option_row + '" class="form-control" /><span class="input-group-btn"><button type="button" class="btn btn-default"><i class="fa fa-calendar"></i></button></span></div></div>';
                html += '	</div>';
              }

              if (item['type'] == 'select' || item['type'] == 'radio' || item['type'] == 'checkbox' || item['type'] == 'image') {
                html += '<div class="table-responsive">';
                html += '  <table id="option-value' + option_row + '" class="table table-striped table-bordered table-hover">';
                html += '  	 <thead>';
                html += '      <tr>';
                html += '        <td class="text-left">{{ entry_option_value }}</td>';
                html += '        <td class="text-right">{{ entry_quantity }}</td>';
                html += '        <td class="text-left">{{ entry_subtract }}</td>';
                html += '        <td class="text-right">{{ entry_price }}</td>';
                html += '        <td class="text-right">{{ entry_option_points }}</td>';
                html += '        <td class="text-right">{{ entry_weight }}</td>';
                html += '        <td></td>';
                html += '      </tr>';
                html += '  	 </thead>';
                html += '  	 <tbody>';
                html += '    </tbody>';
                html += '    <tfoot>';
                html += '      <tr>';
                html += '        <td colspan="6"></td>';
                html += '        <td class="text-left"><button type="button" onclick="addOptionValue(' + option_row + ');" data-toggle="tooltip" title="{{ button_option_value_add }}" class="btn btn-primary"><i class="fa fa-plus-circle"></i></button></td>';
                html += '      </tr>';
                html += '    </tfoot>';
                html += '  </table>';
                html += '</div>';

                      html += '  <select id="option-values' + option_row + '" style="display: none;">';

                      for (i = 0; i < item['option_value'].length; i++) {
                  html += '  <option value="' + item['option_value'][i]['option_value_id'] + '">' + item['option_value'][i]['name'] + '</option>';
                      }

                      html += '  </select>';
                html += '</div>';
              }

              $('#tab-option .tab-content').append(html);

              $('#option > li:last-child').before('<li><a href="#tab-option' + option_row + '" data-toggle="tab"><i class="fa fa-minus-circle" onclick=" $(\'#option a:first\').tab(\'show\');$(\'a[href=\\\'#tab-option' + option_row + '\\\']\').parent().remove(); $(\'#tab-option' + option_row + '\').remove();"></i>' + item['name'] + '</li>');

              $('#option a[href=\'#tab-option' + option_row + '\']').tab('show');

              $('[data-toggle=\'tooltip\']').tooltip({
                container: 'body',
                html: true
              });

              $('.date').datetimepicker({
                pickTime: false
              });

              $('.time').datetimepicker({
                pickDate: false
              });

              $('.datetime').datetimepicker({
                pickDate: true,
                pickTime: true
              });

              option_row++;
            }
            ]]></add>
        </operation>
        <operation>
            <search><![CDATA[
                function addAttribute() {
            ]]></search>
            <add position="before"><![CDATA[
              function addCategoryAttribute(item)  {

                if (item.value) {
                  $.ajax({
                    url: 'index.php?route=customerpartner/categorymapping/categoryAttribute&user_token={{ user_token }}&category_id=' + item.value,
                    dataType: 'json',
                    success: function(json) {
                      $.each(json, function() {
                          addAttribute();
                          var category_attribute_row = attribute_row -1;
                          $('input[name=\'product_attribute[' + category_attribute_row + '][name]\']').val(this.name);
                          $('input[name=\'product_attribute[' + category_attribute_row + '][attribute_id]\']').val(this.attribute_id);
                      });
                    }
                  });
                }
              }
            ]]></add>
        </operation>
    </file>
    <file path="catalog/controller/checkout/checkout.php">
        <operation>
          <search><![CDATA[
           $data['shipping_methods'] = $shipping_methods;
          ]]></search>
          <add position="after"><![CDATA[
           if ($this->config->get('shipping_wk_custom_shipping_status') && $this->config->get('shipping_wk_custom_shipping_priority_status')) {
              $this->load->model('account/customerpartnerorder');
                  
              $this->load->model('account/add_shipping_mod');
              $shipping = array();
              $this->load->model('account/customer');
                  $this->load->language('extension/shipping/wk_custom_shipping');
                    
              $seller = $this->model_account_customerpartnerorder->sellerAdminData($this->cart->getProducts());

                foreach ($seller as $key => $value) {
                      if ($this->config->get('shipping_wk_custom_shipping_seller_details') && $value['seller'] != 'Admin') {	
                      
                    $sellername = $this->model_account_customer->getCustomer($value['seller']);
                        $shipping = $this->model_account_add_shipping_mod->getPriorityShipping($value['seller']);

                        if (!empty($shipping) && $shipping['status']) {
                          foreach ($shipping as $keys => $values) {
                            if ($keys == 'high') {
                              $shipping[$keys] = (array)json_decode($shipping[$keys]);
                              $shipping[$keys]['text'] = $this->currency->format($shipping[$keys]['amount'],$this->session->data['currency']);
                            } else if ($keys == 'low') {
                              $shipping[$keys] = (array)json_decode($shipping[$keys]);

                              $shipping[$keys]['text'] = $this->currency->format($shipping[$keys]['amount'],$this->session->data['currency']);
                            } else if ($keys == 'medium') {
                              $shipping[$keys] = (array)json_decode($shipping[$keys]);
                              $shipping[$keys]['text'] = $this->currency->format($shipping[$keys]['amount'],$this->session->data['currency']);
                            } else {
                              $shipping[$keys] = $shipping[$keys];
                            }
                          }
                          $priority_shipping[$value['seller']] = $shipping;
                          $priority_shipping[$value['seller']]['name'] = ucfirst($sellername['firstname']) . ' ' . ucfirst($sellername['lastname']);
                        } else {
                          $priority_shipping[$value['seller']] = array();
                        }
                    } else if($value['seller'] == 'Admin' || !$this->config->get('shipping_wk_custom_shipping_seller_details') && $value['seller'] != 'Admin') {
                      $priority_shipping[0]['high'] = array(
                        'day'    => $this->config->get('shipping_wk_custom_shipping_high_priority_day'),
                        'amount' => $this->config->get('shipping_wk_custom_shipping_high_priority_amount'),
                        'text'	 => $this->currency->format($this->config->get('shipping_wk_custom_shipping_high_priority_amount'),$this->session->data['currency'])
                      );
                      $priority_shipping[0]['low'] = array(
                        'day'    => $this->config->get('shipping_wk_custom_shipping_low_priority_day'),
                        'amount' => $this->config->get('shipping_wk_custom_shipping_low_priority_amount'),
                        'text'	 => $this->currency->format($this->config->get('shipping_wk_custom_shipping_low_priority_amount'),$this->session->data['currency'])
                      );
                      $priority_shipping[0]['medium'] = array(
                        'day'    => $this->config->get('shipping_wk_custom_shipping_mid_priority_day'),
                        'amount' => $this->config->get('shipping_wk_custom_shipping_mid_priority_amount'),
                        'text'	 => $this->currency->format($this->config->get('shipping_wk_custom_shipping_mid_priority_amount'),$this->session->data['currency'])
                      );
                      $priority_shipping[0]['name'] = 'Admin';
                  }
                }
                    $data['text_priority']        = $this->language->get('text_priority');
                    $data['entry_high']           = $this->language->get('entry_high');
                    $data['entry_medium']         = $this->language->get('entry_medium');
                    $data['entry_low']            = $this->language->get('entry_low');
                    $data['text_seller_name']     = $this->language->get('text_seller_name');
                    $data['text_seller_shipping'] = $this->language->get('text_seller_shipping');
                    $data['text_day']             = $this->language->get('text_day');
                    $data['text_duration']        = $this->language->get('text_duration');
                    $data['text_charges']         = $this->language->get('text_charges');
                    $data['text_event_amount']    = $this->language->get('text_event_amount');
                    $data['priority_shipping']    = $priority_shipping;
                    
      			}

          if (isset($data['shipping_methods']) &&$this->config->get('shipping_wk_custom_shipping_seller_status')) {
            $data['seller_custom_shipping'] = $this->session->data['seller_custom_shipping'];
            $data['text_seller_name'] = $this->language->get('text_seller_name');
            $data['text_seller_shipping'] = $this->language->get('text_seller_shipping');
            $data['text_event_amount'] = $this->language->get('text_event_amount');
            $data['event_shipping_amount'] = isset($this->session->data['event_shipping_amount']) ? $this->session->data['event_shipping_amount'] : 0;
            }

            ]]></add>
      </operation>
      <operation>
      <search><![CDATA[
      if ($value = $this->getProperty($this->request->post, 'payment_address_id')) { 
      ]]></search>
      <add position="before"><![CDATA[
      if (isset($this->request->post['priority']) && $this->request->post['priority']) {
        $sellers = explode('|',$this->request->post['priority']);
        foreach ($sellers as $seller) {
          $shipping_priority = explode('_',$seller);
          $this->session->data['seller_priority_shipping'][$shipping_priority[1]] = $shipping_priority[0];
        }
        }
        if ($this->session->data['shipping_method']['code'] == "wk_custom_shipping.wk_custom_shipping" && isset($this->session->data['seller_priority_shipping'])) {
        $this->session->data['shipping_method'] = $this->session->data['shipping_methods']['wk_custom_shipping']['quote']['wk_custom_shipping']; 
        $priority_sum = 0;
        foreach ($this->session->data['seller_priority_shipping'] as $key => $priority) {
          $priority_sum += $priority;
        }
        $this->session->data['shipping_method']['cost'] = $this->session->data['shipping_method']['cost'] + $priority_sum;
        } else {
          unset($this->session->data['seller_priority_shipping']);
        }
      ]]></add>
      </operation>
      </file>
      <file path="catalog/view/theme/default/template/extension/module/so_onepagecheckout/checkout/shipping_methods.twig">
      <operation>
      <search><![CDATA[
      {{ quote.title }} - {{ quote.text }}
      ]]></search>
      <add position="after" offset = "1"><![CDATA[
      {% if quote.code == 'wk_custom_shipping.wk_custom_shipping' %}
           {% if (priority_shipping is defined and priority_shipping and priority_shipping is not empty) %} 
            <p><strong>{{ text_priority }}</strong></p>
            {% for key,shipping in priority_shipping %} 
                {% if (shipping is iterable) %} 
                    <strong>{% if (shipping['name'] is defined) %} {{ shipping['name'] }} {% endif %}</strong>
                  {% for keys,priority in shipping %} 
                      {% if (keys == 'high') %} 
                        <div class ="radio">
                          <label><input type="radio" name="shipping_priority_{{ key }}" class = "priority" value="{{ priority['amount'] }}" />{{ entry_high }} : {{ text_duration }} - {% if (priority['day'] is defined and priority['day']) %} {{ priority['day'] }} {% else %} {{ '0' }} {% endif %} {{ text_day }} : {{ text_charges }} - {% if (priority['text'] is defined and priority['text']) %} {{ priority['text'] }} {% endif %} 
                            </label>
                        </div>
                      {% endif %} 
                      {% if (keys == 'medium') %} 
                        <div class ="radio">
                          <label><input type="radio" name="shipping_priority_{{ key }}" class = "priority" value="{{ priority['amount'] }}" />{{ entry_medium }} : {{ text_duration }} -{% if (priority['day'] is defined and priority['day']) %} {{ priority['day'] }} {% else %} {{ '0' }} {% endif %} {{ text_day }} : {{ text_charges }} - {% if (priority['text'] is defined and priority['text']) %} {{ priority['text'] }} {% endif %} 
                            </label>
                        </div>
                      {% endif %} 
                      {% if (keys == 'low') %} 
                        <div class ="radio">
                          <label><input type="radio" name="shipping_priority_{{ key }}" class = "priority" value="{{ priority['amount'] }}" />{{ entry_low }}: {{ text_duration }} - {% if (priority['day'] is defined and priority['day']) %} {{ priority['day'] }} {% else %} {{ '0' }} {% endif %} {{ text_day }} :  {{ text_charges }} - {% if (priority['text'] is defined and priority['text']) %} {{ priority['text'] }} {% endif %} 
                            </label>
                        </div>
                      {% endif %} 
                {% endfor %}
                {% endif %}
                {% endfor %}
                {% endif %}
            {% if seller_custom_shipping is defined and seller_custom_shipping %}
              <div class="table-responsive">
                <table class="table table-stripped table-bordered table-hover list">
                  <thead>
                    <tr>
                      <td class="text-left">{{ text_seller_name }}</td>
                      <td class="text-right">{{ text_seller_shipping }}</td>
                      {% if event_shipping_amount is defined and event_shipping_amount %}
                        <td class="text-right">{{ text_event_amount }}</td>
                      {% endif %}
                    </tr>
                  </thead>
                  <tbody>
                  {% for key,value in seller_custom_shipping %}
                    <tr>
                        <td class="text-left">{{ key }}</td>
                        <td class="text-right">{{ value.shipping_price }}</td>
                        {% if event_shipping_amount is defined and event_shipping_amount %}
                        <td class="text-right">{{ value.prefix }} {{ value.event_shipping_amount }}</td>
                        {% endif %}
                    </tr>
                  {% endfor %}
            
                  </tbody>
                </table>
              </div>
            {% endif %}
        {% endif %}
      ]]></add>
      </operation>
      <operation>
    <search><![CDATA[
    <div class="alert alert-danger">{{ shipping_method.error }}</div>
    ]]></search>
    <add position="after" offset = "6"><![CDATA[
    <script type="text/javascript">
      $('.checkout-shipping-methods input[name=\'shipping_method\']').on('change', function() {
      if ($(this).val() != 'wk_custom_shipping.wk_custom_shipping') {
        $('.priority').prop('checked',false);
      }
      });
      $('.checkout-shipping-methods input[type=\'radio\']').on('change', function() {
      if ($('.checkout-shipping-methods input[name=\'shipping_method\']:checked').val() != 'wk_custom_shipping.wk_custom_shipping') {
          $('.priority').prop('checked',false);
      } else {
        var sellers  = '', sellers = '';
					if ($(this).is(":checked")) {
						
						seller = $(this).attr('name').split('_');
						if (sellers) {
							sellers = sellers + '|' + $(this).val() + '_' + seller[2];
						} else {
							sellers = $(this).val() + '_' + seller[2];
						}
					}
   
        if (sellers) {
          $.ajax({
            url: 'index.php?route=checkout/checkout/save',
            type: 'post',
            data: {
                priority: sellers,shipping_method:$('.checkout-shipping-methods input[name=\'shipping_method\']:checked').val(),
            },
            dataType: 'json',
            success: function() {
                $(document).trigger('so_checkout_reload_payment');
                $(document).trigger('so_checkout_reload_cart');
            },
            error: function(xhr, ajaxOptions, thrownError) {
                alert(thrownError + "\r\n" + xhr.statusText + "\r\n" + xhr.responseText);
            }
          });
        }
      }
      });
    </script>
    ]]></add>
    </operation>
      </file>
    <file path="catalog/controller/checkout/shipping_method.php">

    <operation>
        <search><![CDATA[
          $this->response->setOutput($this->load->view('checkout/shipping_method', $data));
        ]]></search>
        <add position="before"><![CDATA[
          if (isset($data['shipping_methods']) && isset($data['shipping_methods']['wk_custom_shipping']) && isset($this->session->data['seller_custom_shipping']) && $this->session->data['seller_custom_shipping'] && $this->config->get('shipping_wk_custom_shipping_seller_status')) {
          $data['seller_custom_shipping'] = $this->session->data['seller_custom_shipping'];
          $data['text_seller_name'] = $this->language->get('text_seller_name');
					$data['text_seller_shipping'] = $this->language->get('text_seller_shipping');
          $data['text_event_amount'] = $this->language->get('text_event_amount');
          $data['event_shipping_amount'] = isset($this->session->data['event_shipping_amount']) ? $this->session->data['event_shipping_amount'] : 0;
        }
        ]]></add>
        </operation>

        <operation>
          <search><![CDATA[
          $this->load->model('setting/extension');
          ]]></search>
          <add position="after"><![CDATA[
           if ($this->config->get('shipping_wk_custom_shipping_status') && $this->config->get('shipping_wk_custom_shipping_priority_status') && is_array($this->config->get('marketplace_allowed_shipping_method')) && in_array('wk_custom_shipping.wk_custom_shipping', $this->config->get('marketplace_allowed_shipping_method'))) {
              $this->load->model('account/customerpartnerorder');
                  
              $this->load->model('account/add_shipping_mod');
              $shipping = array();
              $this->load->model('account/customer');
                  $this->load->language('extension/shipping/wk_custom_shipping');
                    
              $seller = $this->model_account_customerpartnerorder->sellerAdminData($this->cart->getProducts());

                foreach ($seller as $key => $value) {
                      if ($this->config->get('shipping_wk_custom_shipping_seller_details') && $value['seller'] != 'Admin') {	
                      
                    $sellername = $this->model_account_customer->getCustomer($value['seller']);
                        $shipping = $this->model_account_add_shipping_mod->getPriorityShipping($value['seller']);

                        if (!empty($shipping) && $shipping['status']) {
                          foreach ($shipping as $keys => $values) {
                            if ($keys == 'high') {
                              $shipping[$keys] = (array)json_decode($shipping[$keys]);
                              $shipping[$keys]['text'] = $this->currency->format($shipping[$keys]['amount'],$this->session->data['currency']);
                            } else if ($keys == 'low') {
                              $shipping[$keys] = (array)json_decode($shipping[$keys]);

                              $shipping[$keys]['text'] = $this->currency->format($shipping[$keys]['amount'],$this->session->data['currency']);
                            } else if ($keys == 'medium') {
                              $shipping[$keys] = (array)json_decode($shipping[$keys]);
                              $shipping[$keys]['text'] = $this->currency->format($shipping[$keys]['amount'],$this->session->data['currency']);
                            } else {
                              $shipping[$keys] = $shipping[$keys];
                            }
                          }
                          $priority_shipping[$value['seller']] = $shipping;
                          $priority_shipping[$value['seller']]['name'] = ucfirst($sellername['firstname']) . ' ' . ucfirst($sellername['lastname']);
                        } else {
                          $priority_shipping[$value['seller']] = array();
                        }
                    } else if($value['seller'] == 'Admin' || !$this->config->get('shipping_wk_custom_shipping_seller_details') && $value['seller'] != 'Admin') {
                      $priority_shipping[0]['high'] = array(
                        'day'    => $this->config->get('shipping_wk_custom_shipping_high_priority_day'),
                        'amount' => $this->config->get('shipping_wk_custom_shipping_high_priority_amount'),
                        'text'	 => $this->currency->format($this->config->get('shipping_wk_custom_shipping_high_priority_amount'),$this->session->data['currency'])
                      );
                      $priority_shipping[0]['low'] = array(
                        'day'    => $this->config->get('shipping_wk_custom_shipping_low_priority_day'),
                        'amount' => $this->config->get('shipping_wk_custom_shipping_low_priority_amount'),
                        'text'	 => $this->currency->format($this->config->get('shipping_wk_custom_shipping_low_priority_amount'),$this->session->data['currency'])
                      );
                      $priority_shipping[0]['medium'] = array(
                        'day'    => $this->config->get('shipping_wk_custom_shipping_mid_priority_day'),
                        'amount' => $this->config->get('shipping_wk_custom_shipping_mid_priority_amount'),
                        'text'	 => $this->currency->format($this->config->get('shipping_wk_custom_shipping_mid_priority_amount'),$this->session->data['currency'])
                      );
                      $priority_shipping[0]['name'] = 'Admin';
                  }
                }
                    $data['text_priority']        = $this->language->get('text_priority');
                    $data['entry_high']           = $this->language->get('entry_high');
                    $data['entry_medium']         = $this->language->get('entry_medium');
                    $data['entry_low']            = $this->language->get('entry_low');
                    $data['text_seller_name']     = $this->language->get('text_seller_name');
                    $data['text_seller_shipping'] = $this->language->get('text_seller_shipping');
                    $data['text_day']             = $this->language->get('text_day');
                    $data['text_duration']        = $this->language->get('text_duration');
                    $data['text_charges']         = $this->language->get('text_charges');
                    $data['text_event_amount']    = $this->language->get('text_event_amount');
                    $data['priority_shipping']    = $priority_shipping;
                    
      			}

            ]]></add>
      </operation>

      <operation>
          <search><![CDATA[
           $this->session->data['shipping_method'] = $this->session->data['shipping_methods'][$shipping[0]]['quote'][$shipping[1]];
          ]]></search>
          <add position="after"><![CDATA[
          if ($this->session->data['shipping_method']['code'] == 'wk_custom_shipping.wk_custom_shipping') {
            if (isset($this->request->post['shipping_priority']) && is_array($this->request->post['shipping_priority']) && !empty($this->request->post['shipping_priority'])) {
                  $priority_sum = 0;
                  foreach ($this->request->post['shipping_priority'] as $key => $value) {
                    $this->session->data['seller_priority_shipping'][$key]	= $value;
                    $priority_sum += $value;
                  }
                  unset($this->request->post['shipping_priority']);
                  $this->request->post['shipping_priority'] = $priority_sum;
                } else {
                  unset($this->request->post['shipping_priority']);
                  $this->request->post['shipping_priority'] = 0;
                }
            $this->session->data['shipping_method']['cost'] += $this->request->post['shipping_priority'];
            $this->session->data['shipping_method']['text'] = $this->currency->format($this->session->data['shipping_method']['cost'], $this->session->data['currency']);
          } else {
              unset($this->session->data['seller_priority_shipping']);
          }
            ]]></add>
      </operation>
      
    </file>


    <file path="catalog/view/theme/*/template/checkout/shipping_method.twig">
      <operation>
        <search><![CDATA[
          {{ quote.title }} - {{ quote.text }}</label>
        ]]></search>
        <add position="after" offset="1"><![CDATA[
          {% if quote['code'] == 'wk_custom_shipping.wk_custom_shipping' %}
           {% if (priority_shipping is defined and priority_shipping and priority_shipping is not empty) %} 
            <p><strong>{{ text_priority }}</strong></p>
            {% for key,shipping in priority_shipping %} 
                {% if (shipping is iterable) %} 
                    <strong>{% if (shipping['name'] is defined) %} {{ shipping['name'] }} {% endif %}</strong>
                  {% for keys,priority in shipping %} 
                      {% if (keys == 'high') %} 
                        <div class ="radio">
                          <label><input type="radio" class = "priority" name="shipping_priority[{{ key }}]" value="{{ priority['amount'] }}" />{{ entry_high }} : {{ text_duration }} - {% if (priority['day'] is defined and priority['day']) %} {{ priority['day'] }} {% else %} {{ '0' }} {% endif %} {{ text_day }} : {{ text_charges }} - {% if (priority['text'] is defined and priority['text']) %} {{ priority['text'] }} {% endif %} 
                            </label>
                        </div>
                      {% endif %} 
                      {% if (keys == 'medium') %} 
                        <div class ="radio">
                          <label><input type="radio" class = "priority" name="shipping_priority[{{ key }}]" value="{{ priority['amount'] }}" />{{ entry_medium }} : {{ text_duration }} -{% if (priority['day'] is defined and priority['day']) %} {{ priority['day'] }} {% else %} {{ '0' }} {% endif %} {{ text_day }} : {{ text_charges }} - {% if (priority['text'] is defined and priority['text']) %} {{ priority['text'] }} {% endif %} 
                            </label>
                        </div>
                      {% endif %} 
                      {% if (keys == 'low') %} 
                        <div class ="radio">
                          <label><input type="radio" class = "priority" name="shipping_priority[{{ key }}]" value="{{ priority['amount'] }}" />{{ entry_low }}: {{ text_duration }} - {% if (priority['day'] is defined and priority['day']) %} {{ priority['day'] }} {% else %} {{ '0' }} {% endif %} {{ text_day }} :  {{ text_charges }} - {% if (priority['text'] is defined and priority['text']) %} {{ priority['text'] }} {% endif %} 
                            </label>
                        </div>
                      {% endif %} 
                {% endfor %}
                {% endif %}
                {% endfor %}
                {% endif %}
            {% if seller_custom_shipping is defined and seller_custom_shipping %}
              <div class="table-responsive" style="width:50%;">
               <table class="table table-stripped table-bordered table-hover">
                  <thead>
                    <tr>
                      <th class="text-left">{{ text_seller_name }}</th>
                      <th class="text-right">{{ text_seller_shipping }}</th>
                      {% if event_shipping_amount is defined and event_shipping_amount %}
                        <th class="text-right">{{ text_event_amount }}</th>
                      {% endif %}
                    </tr>
                  </thead>
                  <tbody>
                  {% for key,value in seller_custom_shipping %}
                    <tr>
                        <td class="text-left">{{ key }}</td>
                        <td class="text-right">{{ value.shipping_price }}</td>
                        {% if event_shipping_amount is defined and event_shipping_amount %}
                        <td class="text-right">{{ value.prefix }} {{ value.event_shipping_amount }}</td>
                        {% endif %}
                    </tr>
                  {% endfor %}
            
                  </tbody>
                </table>
              </div>
            {% endif %}
          {% endif %}
        ]]></add>
      </operation>
      <operation>
    <search><![CDATA[
    <div class="buttons">
    ]]></search>
    <add position="after" offset = "5"><![CDATA[
    <script type="text/javascript">
      $('#collapse-shipping-method input[name=\'shipping_method\']').on('change', function() {
      if ($(this).val() != 'wk_custom_shipping.wk_custom_shipping') {
        $('.priority').prop('checked',false);
      }
      });
      $('#collapse-shipping-method input[type=\'radio\']').on('change', function() {
      if ($('#collapse-shipping-method input[name=\'shipping_method\']:checked').val() != 'wk_custom_shipping.wk_custom_shipping') {
          $('.priority').prop('checked',false);
      }
      });

    </script>
    ]]></add>
    </operation>
    </file>

    <file path="admin/controller/catalog/information.php">
      <operation>
        <search><![CDATA[
          $this->response->redirect($this->url->link('catalog/information', 'user_token=' . $this->session->data['user_token'] . $url, true));
        ]]></search>
        <add position="replace"><![CDATA[
          if ($this->config->get('module_marketplace_status') && isset($this->request->get['mpcheck'])) {
              $this->response->redirect($this->url->link('customerpartner/information', 'user_token=' . $this->session->data['user_token'] . $url, true));
          } else {
              $this->response->redirect($this->url->link('catalog/information', 'user_token=' . $this->session->data['user_token'] . $url, true));
          }
        ]]></add>
      </operation>

      <operation>
        <search><![CDATA[
          $data['action'] = $this->url->link('catalog/information/edit', 'user_token=' . $this->session->data['user_token'] . '&information_id=' . $this->request->get['information_id'] . $url, true);
        ]]></search>
        <add position="replace"><![CDATA[
          if (isset($this->request->get['mpcheck']) && $this->request->get['mpcheck']) {
            $data['action'] = $this->url->link('catalog/information/edit', 'user_token=' . $this->session->data['user_token'] . '&mpcheck=1&information_id=' . $this->request->get['information_id'] . $url, true);
          } else {
            $data['action'] = $this->url->link('catalog/information/edit', 'user_token=' . $this->session->data['user_token'] . '&information_id=' . $this->request->get['information_id'] . $url, true);
          }
        ]]></add>
      </operation>
    </file>
</modification>
